id,Title,Content,Excerpt,Permalink,Slug,Featured,"Alt Text","Author First Name","Author Last Name",Date,Status,"Post Modified Date",Categories,Tags
188,"7 Top Tips for Developing a Great Sense of Personal Style","<!-- wp:image {""id"":189,""sizeSlug"":""large"",""linkDestination"":""none""} -->
<figure class=""wp-block-image size-large""><img src=""http://clothing.local/wp-content/uploads/2024/12/Personal-styles-1024x585.png"" alt="""" class=""wp-image-189""/></figure>
<!-- /wp:image -->

<!-- wp:heading {""level"":4} -->
<h4 class=""wp-block-heading"">1. <strong>Know Your Body Shape</strong></h4>
<!-- /wp:heading -->

<!-- wp:paragraph -->
<p>Understanding your body type is key to finding clothes that fit well and enhance your natural silhouette. Whether you are pear-shaped, hourglass, apple, or rectangle, choosing outfits that complement your figure is a great starting point.</p>
<!-- /wp:paragraph -->

<!-- wp:heading {""level"":4} -->
<h4 class=""wp-block-heading"">2. <strong>Identify Your Fashion Inspiration</strong></h4>
<!-- /wp:heading -->

<!-- wp:paragraph -->
<p>Look for style icons who inspire you, whether they're celebrities, influencers, or even historical figures. Create a vision board to narrow down recurring themes and styles that resonate with you.</p>
<!-- /wp:paragraph -->

<!-- wp:heading {""level"":4} -->
<h4 class=""wp-block-heading"">3. <strong>Experiment with Colors</strong></h4>
<!-- /wp:heading -->

<!-- wp:paragraph -->
<p>Step out of your comfort zone and explore a variety of colors. Play with different palettes to discover what makes you feel confident and energized. Knowing your best colors can significantly enhance your style.</p>
<!-- /wp:paragraph -->

<!-- wp:heading {""level"":4} -->
<h4 class=""wp-block-heading"">4. <strong>Invest in Wardrobe Staples</strong></h4>
<!-- /wp:heading -->

<!-- wp:paragraph -->
<p>Classic pieces like a tailored blazer, crisp white shirt, well-fitting jeans, and versatile black dress are timeless investments. These staples form the foundation of a stylish wardrobe that can be dressed up or down.</p>
<!-- /wp:paragraph -->

<!-- wp:heading {""level"":4} -->
<h4 class=""wp-block-heading"">5. <strong>Accessorize Thoughtfully</strong></h4>
<!-- /wp:heading -->

<!-- wp:paragraph -->
<p>Accessories are a powerful way to express personal style. Whether it's statement jewelry, scarves, or a signature handbag, well-chosen accessories can transform even the simplest outfits.</p>
<!-- /wp:paragraph -->

<!-- wp:heading {""level"":4} -->
<h4 class=""wp-block-heading"">6. <strong>Mix High and Low Fashion</strong></h4>
<!-- /wp:heading -->

<!-- wp:paragraph -->
<p>Combining designer pieces with affordable fashion allows for a unique and balanced look. Mixing high-end with high-street items creates a versatile, polished wardrobe without breaking the bank.</p>
<!-- /wp:paragraph -->

<!-- wp:heading {""level"":4} -->
<h4 class=""wp-block-heading"">7. <strong>Stay Authentic</strong></h4>
<!-- /wp:heading -->

<!-- wp:paragraph -->
<p>Above all, wear what feels right for you. Personal style is an extension of your personality, so be authentic. Confidence is your best accessory, and staying true to yourself will always be in fashion.</p>
<!-- /wp:paragraph -->

<!-- wp:paragraph -->
<p></p>
<!-- /wp:paragraph -->",,http://clothing.local/7-top-tips-for-developing-a-great-sense-of-personal-style/,7-top-tips-for-developing-a-great-sense-of-personal-style,http://clothing.local/wp-content/uploads/2024/12/738ebd_4c9f53f5bff8434eadc517e558fa47a2mv2_d_2000_1333_s_2.webp,|,,,1733224904,publish,1733224905,"Fashion|Style|Style Tip",
197,"How to be more stylish","<!-- wp:paragraph -->
<p>Looking stylish is about confidence, creativity, and a few smart choices. Here’s how you can upgrade your style effortlessly:</p>
<!-- /wp:paragraph -->

<!-- wp:heading {""level"":3} -->
<h3 class=""wp-block-heading"">1. <strong>Build a Solid Foundation</strong></h3>
<!-- /wp:heading -->

<!-- wp:paragraph -->
<p>Invest in timeless basics like a well-fitted blazer, classic jeans, and neutral tees. These pieces are versatile and can be dressed up or down.</p>
<!-- /wp:paragraph -->

<!-- wp:heading {""level"":3} -->
<h3 class=""wp-block-heading"">2. <strong>Play with Accessories</strong></h3>
<!-- /wp:heading -->

<!-- wp:paragraph -->
<p>Accessories can make or break an outfit. A bold necklace, a statement belt, or a stylish watch can elevate your look instantly.</p>
<!-- /wp:paragraph -->

<!-- wp:heading {""level"":3} -->
<h3 class=""wp-block-heading"">3. <strong>Find Your Signature Style</strong></h3>
<!-- /wp:heading -->

<!-- wp:paragraph -->
<p>Experiment with different styles until you find what resonates with you. Whether it’s boho, chic, or edgy, embrace what makes you feel confident.</p>
<!-- /wp:paragraph -->

<!-- wp:heading {""level"":3} -->
<h3 class=""wp-block-heading"">4. <strong>Focus on Fit</strong></h3>
<!-- /wp:heading -->

<!-- wp:paragraph -->
<p>Even the most expensive clothes can look awkward if they don’t fit well. Tailor your clothes for a polished, put-together look.</p>
<!-- /wp:paragraph -->

<!-- wp:heading {""level"":3} -->
<h3 class=""wp-block-heading"">5. <strong>Embrace Color and Texture</strong></h3>
<!-- /wp:heading -->

<!-- wp:paragraph -->
<p>Don’t be afraid to add a pop of color or mix textures. A vibrant scarf or a velvet blazer can add personality to your outfit.</p>
<!-- /wp:paragraph -->",,http://clothing.local/how-to-be-more-stylish/,how-to-be-more-stylish,http://clothing.local/wp-content/uploads/2024/12/stylish-e1733225460593.webp,,,,1733225360,publish,1733225465,Uncategorized,
